InvName	InvID1	InvID2	InvID3	InvID4	InvID5	InvID6	InvID7
1	Andrew Chen	5148512526270464.csv	5619185107337216.csv	5679936060784640.csv	5753571677044736.csv	5905235696418816.csv	6461994076995584.csv	6611440785948672.csv
2	Chris Adelsbach	4781682422972416.csv	4908832245415936.csv	5516394024140800.csv	5643443384614912.csv	5717462381232128.csv	6419170010857472.csv	NA
3	Techstars	4866795655659520.csv	5295899798405120.csv	5713010140119040.csv	6562793817899008.csv	3012.csv	NA	NA
4	Armando Biondi	5081198304952320.csv	5286185119252480.csv	5510026227613696.csv	5514178089451520.csv	NA	NA	NA
5	Haystack	5615316784644096.csv	5864050583928832.csv	6003684907417600.csv	6541358663729152.csv	NA	NA	NA
6	Matt Huang	5454466228682752.csv	5596725649604608.csv	5764974920073216.csv	6208468843233280.csv	NA	NA	NA
7	Paul Buchheit	4867322191806464.csv	5295501201113088.csv	6450787106422784.csv	6536958415208448.csv	NA	NA	NA
8	Titan Partners LLC	4633282129952768.csv	5757037237501952.csv	5779911964884992.csv	6286287266906112.csv	NA	NA	NA
9	Wellborn Ventures	5300927615467520.csv	5429415198588928.csv	6144554654760960.csv	6275983317401600.csv	NA	NA	NA
10	Accomplice	5641942293544960.csv	5815085108822016.csv	6196655271444480.csv	NA	NA	NA	NA
11	Arturo Guilln	4692543358894080.csv	5683140844584960.csv	5763095687331840.csv	NA	NA	NA	NA
12	Bizdom	5938336069844992.csv	6442540907626496.csv	6001.csv	NA	NA	NA	NA
13	BoomStartup	5149305635602432.csv	5791587774758912.csv	3002.csv	NA	NA	NA	NA
14	Brian Schlosser	4772513947058176.csv	4811112746844160.csv	5678822993166336.csv	NA	NA	NA	NA
15	Fadi Ghandour	4741948069904384.csv	5275738982842368.csv	5414782781882368.csv	NA	NA	NA	NA
16	Gil Penchina	4963525432705024.csv	5846500378673152.csv	6267515156037632.csv	NA	NA	NA	NA
17	JFDI.Asia	4522076610232320.csv	5211019567693824.csv	3006.csv	NA	NA	NA	NA
18	Ken Goldman	4662053646106624.csv	6660272395649024.csv	6697311556075520.csv	NA	NA	NA	NA
19	Kernel Capital	5323383549984768.csv	5712734159110144.csv	6279605417672704.csv	NA	NA	NA	NA
20	NYC SeedStart	5690634455220224.csv	6128542991515648.csv	7004.csv	NA	NA	NA	NA
21	Paul Pressler	5575152150511616.csv	6265743125512192.csv	6514163648036864.csv	NA	NA	NA	NA
22	Richard Branson	4647543245897728.csv	4719355099086848.csv	5568518313476096.csv	NA	NA	NA	NA
23	Russel Simmons	4900275462602752.csv	4901199551660032.csv	6082656903102464.csv	NA	NA	NA	NA
24	Russell Cook	4923381312913408.csv	4956756996259840.csv	5993001042051072.csv	NA	NA	NA	NA
25	Sig Mosley	4863195265105920.csv	5797598581489664.csv	6176413090578432.csv	NA	NA	NA	NA
26	Springboard	5733511935819776.csv	5917249491697664.csv	94004.csv	NA	NA	NA	NA
27	The Morpheus	374544.csv	5097066770464768.csv	8010.csv	NA	NA	NA	NA
28	Walter Lee	6001282137456640.csv	6026175369445376.csv	6209765357125632.csv	NA	NA	NA	NA
29	10Xelerator	4716624435216384.csv	5647872099876864.csv	NA	NA	NA	NA	NA
30	2020 Ventures	5399499774099456.csv	5640229759221760.csv	NA	NA	NA	NA	NA
31	2B Angels	4799147358027776.csv	6242056800305152.csv	NA	NA	NA	NA	NA
32	313 Ventures	5653007672803328.csv	5951731099762688.csv	NA	NA	NA	NA	NA
33	33entrepreneurs	6561535660916736.csv	6078336098893824.csv	NA	NA	NA	NA	NA
34	360 Capital Partners	5635255146905600.csv	5656975983509504.csv	NA	NA	NA	NA	NA
35	9Mile Labs	4918553635454976.csv	5643323087781888.csv	NA	NA	NA	NA	NA
36	A-Grade Investments	6286484948647936.csv	6597475842392064.csv	NA	NA	NA	NA	NA
37	Aaron Stone	5117232111681536.csv	6256988820340736.csv	NA	NA	NA	NA	NA
38	Abundance Partners	5078612566867968.csv	5720947747192832.csv	NA	NA	NA	NA	NA
39	Acceleprise	6087473981554688.csv	263002.csv	NA	NA	NA	NA	NA
40	AccelFoods	5317514758193152.csv	6234857592061952.csv	NA	NA	NA	NA	NA
41	ACE Group	5659678025449472.csv	6454779920252928.csv	NA	NA	NA	NA	NA
42	Acequia Capital	5764609340342272.csv	6028619205836800.csv	NA	NA	NA	NA	NA
43	ACT Venture Capital	5170104434163712.csv	6137979676393472.csv	NA	NA	NA	NA	NA
44	Acta Wireless	5070452590379008.csv	5678142576394240.csv	NA	NA	NA	NA	NA
45	Active Venture Partners	4811410605342720.csv	5725217229897728.csv	NA	NA	NA	NA	NA
46	Adam Berrey	4660448007815168.csv	6252233121333248.csv	NA	NA	NA	NA	NA
47	Adam Goldstein	4787153204674560.csv	5993280739213312.csv	NA	NA	NA	NA	NA
48	Adam Smith	5174232786927616.csv	6099376271261696.csv	NA	NA	NA	NA	NA
49	Adms Chung	5400929750745088.csv	6342859246534656.csv	NA	NA	NA	NA	NA
50	Adrian Stone	4808414987288576.csv	6076139558666240.csv	NA	NA	NA	NA	NA
51	Agustin Cuenca	5076963387506688.csv	5654305453375488.csv	NA	NA	NA	NA	NA
52	Ahmad Mohammed Ahmad Al-Sayed	4530706935971840.csv	5925032849047552.csv	NA	NA	NA	NA	NA
53	Alain Bankier	5143380795326464.csv	5496343669768192.csv	NA	NA	NA	NA	NA
54	Alan Jones	5645847542890496.csv	6754778218496000.csv	NA	NA	NA	NA	NA
55	Albatross Investment	4833046603759616.csv	6229650837602304.csv	NA	NA	NA	NA	NA
56	Albert Sheu	4769366604251136.csv	6097611039703040.csv	NA	NA	NA	NA	NA
57	Aleph	4824146479415296.csv	5845935317843968.csv	NA	NA	NA	NA	NA
58	Alex Lloyd	5689234597871616.csv	6222501843566592.csv	NA	NA	NA	NA	NA
59	Alex Modelski	5688866623193088.csv	6456568526667776.csv	NA	NA	NA	NA	NA
60	Alexis Pantazis	4649147630092288.csv	6247583349473280.csv	NA	NA	NA	NA	NA
61	Alfred Lin	4627336360099840.csv	5738987331256320.csv	NA	NA	NA	NA	NA
62	Ali Partovi	5105249555578880.csv	5280519147225088.csv	NA	NA	NA	NA	NA
63	Allegis Capital	5634589259202560.csv	6278812992012288.csv	NA	NA	NA	NA	NA
64	Allegro Venture Partners	4804025060950016.csv	5436771970056192.csv	NA	NA	NA	NA	NA
65	Allen Angel Capital Education Program (AACE)	4929569542897664.csv	6322279122206720.csv	NA	NA	NA	NA	NA
66	Allen Levinson	5655370592681984.csv	5775680826507264.csv	NA	NA	NA	NA	NA
67	Almi Invest	5510112798048256.csv	5982473691332608.csv	NA	NA	NA	NA	NA
68	AlphaLab	5769086982160384.csv	3001.csv	NA	NA	NA	NA	NA
69	Alven Capital	5905789583622144.csv	6312168010022912.csv	NA	NA	NA	NA	NA
70	AMD Ventures	5186703811674112.csv	6487868276998144.csv	NA	NA	NA	NA	NA
71	American Express Ventures	5693808301834240.csv	5798500751114240.csv	NA	NA	NA	NA	NA
72	Amidzad Partners	4797478805176320.csv	5741145233555456.csv	NA	NA	NA	NA	NA
73	Ammar Kubba	5921048327356416.csv	6335693785661440.csv	NA	NA	NA	NA	NA
74	Amplify.LA	4858649478430720.csv	95004.csv	NA	NA	NA	NA	NA
75	Ana Lpez	6207091152781312.csv	6685610316136448.csv	NA	NA	NA	NA	NA
76	Anand Swaminathan	4829460243152896.csv	6166921972023296.csv	NA	NA	NA	NA	NA
77	Andrea Zurek	5676871853277184.csv	5707434735697920.csv	NA	NA	NA	NA	NA
78	Andrew Boszhardt, Jr.	5641611782389760.csv	6703028958658560.csv	NA	NA	NA	NA	NA
79	Andrew McCollum	5559317554003968.csv	6192951080255488.csv	NA	NA	NA	NA	NA
80	Andrew Mullinger	5113265294147584.csv	5144130283896832.csv	NA	NA	NA	NA	NA
81	Andrew Razeghi	5723410843828224.csv	6371234681978880.csv	NA	NA	NA	NA	NA
82	Andrew Reis	5550926127431680.csv	5749366925033472.csv	NA	NA	NA	NA	NA
83	Andrew Valiente	4702708711817216.csv	6646197951397888.csv	NA	NA	NA	NA	NA
84	Andrew Weisz	5778904706973696.csv	5797339373502464.csv	NA	NA	NA	NA	NA
85	Andy Atherton	4516371039780864.csv	5086959085027328.csv	NA	NA	NA	NA	NA
86	Angel Investor	4826526797266944.csv	5824706905112576.csv	NA	NA	NA	NA	NA
87	Angel Investors	4719154665881600.csv	5683857500143616.csv	NA	NA	NA	NA	NA
88	AngelPad	6473454471610368.csv	2002.csv	NA	NA	NA	NA	NA
89	Aniket Khera	5896103119552512.csv	6007076992057344.csv	NA	NA	NA	NA	NA
90	Ankur Pansari	5146100918910976.csv	5256636847357952.csv	NA	NA	NA	NA	NA
91	Anthos Capital	5759993714311168.csv	5863827379847168.csv	NA	NA	NA	NA	NA
92	ARC Angel Fund	4917259260657664.csv	5629534317576192.csv	NA	NA	NA	NA	NA
93	Archetype	5128713662365696.csv	5907085053132800.csv	NA	NA	NA	NA	NA
94	Arie Abecassis	5080103746797568.csv	5914550540959744.csv	NA	NA	NA	NA	NA
95	Ariel Poler	4940921586057216.csv	5642977632321536.csv	NA	NA	NA	NA	NA
96	Ashmeet Sidana	4857871011414016.csv	6567178778181632.csv	NA	NA	NA	NA	NA
97	Atlas Accelerator	5046579031441408.csv	5150407848361984.csv	NA	NA	NA	NA	NA
98	August Capital	4788561379328000.csv	5726274379055104.csv	NA	NA	NA	NA	NA
99	Automattic	5070847941279744.csv	5365401793855488.csv	NA	NA	NA	NA	NA
100	autoXLR8R	5082088810217472.csv	747001.csv	NA	NA	NA	NA	NA
101	Avonmore Developments	5706629987172352.csv	6735623197032448.csv	NA	NA	NA	NA	NA
102	Axel Springer	5300840755625984.csv	6270800730521600.csv	NA	NA	NA	NA	NA
103	Barbara Corcoran	4746940428320768.csv	5669330175918080.csv	NA	NA	NA	NA	NA
104	Baris Yuksel	5706423912628224.csv	6391801501974528.csv	NA	NA	NA	NA	NA
105	Barry Silbert	5634017491681280.csv	6490833415045120.csv	NA	NA	NA	NA	NA
106	Ben Arbib	4993290076160000.csv	5763359504859136.csv	NA	NA	NA	NA	NA
107	Ben Lewis	5933936010067968.csv	6260589919731712.csv	NA	NA	NA	NA	NA
108	Ben Lin	4849861794988032.csv	5190910111383552.csv	NA	NA	NA	NA	NA
109	Ben Parr	5878653472735232.csv	6240381427515392.csv	NA	NA	NA	NA	NA
110	Betaspring	4869099771396096.csv	1002.csv	NA	NA	NA	NA	NA
111	Bethnal Green Ventures	6014869270691840.csv	5001.csv	NA	NA	NA	NA	NA
112	Bezos Expeditions	5171780238966784.csv	5678050133934080.csv	NA	NA	NA	NA	NA
113	Bharathram Thothadri	5746987982913536.csv	5760571131559936.csv	NA	NA	NA	NA	NA
114	Big Basin Capital	4884072144830464.csv	6094210054750208.csv	NA	NA	NA	NA	NA
115	Bill & Melinda Gates Foundation	4617133900169216.csv	6267783167868928.csv	NA	NA	NA	NA	NA
116	Bill Boebel	5091868211675136.csv	5662764496322560.csv	NA	NA	NA	NA	NA
117	Bill DeWitt III	4713754558201856.csv	5675377120772096.csv	NA	NA	NA	NA	NA
118	Bill Gross	4995699296960512.csv	5739761650106368.csv	NA	NA	NA	NA	NA
119	Bill Veghte	5959564251889664.csv	6195440429039616.csv	NA	NA	NA	NA	NA
120	Binh Tran	5699272674639872.csv	6010547220774912.csv	NA	NA	NA	NA	NA
121	BlackRock	5729167643508736.csv	6346594588819456.csv	NA	NA	NA	NA	NA
122	Blaine Cook	5137626763886592.csv	5505284583718912.csv	NA	NA	NA	NA	NA
123	Blake Krikorian	4534003499532288.csv	5671898146930688.csv	NA	NA	NA	NA	NA
124	blisce/	5752643917971456.csv	6237666660057088.csv	NA	NA	NA	NA	NA
125	Blue Startups	5436949208760320.csv	299008.csv	NA	NA	NA	NA	NA
126	Blueprint Health	5769615800008704.csv	2003.csv	NA	NA	NA	NA	NA
127	Blume Ventures	5687310972616704.csv	6265230728364032.csv	NA	NA	NA	NA	NA
128	BMW i Ventures	4664617078882304.csv	5746195427229696.csv	NA	NA	NA	NA	NA
129	Bo Feng	4848741387337728.csv	5194732246401024.csv	NA	NA	NA	NA	NA
130	Bobby Lent	5080591909257216.csv	5728996432019456.csv	NA	NA	NA	NA	NA
131	Bon Angels	5096842811408384.csv	5841734697222144.csv	NA	NA	NA	NA	NA
132	Boost VC	6197097485303808.csv	928008.csv	NA	NA	NA	NA	NA
133	Boris Putanec	5663163173306368.csv	6599790561329152.csv	NA	NA	NA	NA	NA
134	Boulder Ventures	4774797217103872.csv	5667828111769600.csv	NA	NA	NA	NA	NA
135	Box	5705867060051968.csv	5733573235572736.csv	NA	NA	NA	NA	NA
136	BR Ventures	4865755598290944.csv	6246187938086912.csv	NA	NA	NA	NA	NA
137	Brad Flora	5646768846929920.csv	6632821770682368.csv	NA	NA	NA	NA	NA
138	Brad Jones	5055752603435008.csv	5929347076587520.csv	NA	NA	NA	NA	NA
139	Braden Pollock	5177472718995456.csv	6651230537383936.csv	NA	NA	NA	NA	NA
140	Brand Ventures	4822177551482880.csv	5744384377094144.csv	NA	NA	NA	NA	NA
141	BrandProject	6301148688416768.csv	6399451648229376.csv	NA	NA	NA	NA	NA
142	Brava Invest	5173317455577088.csv	5847546735886336.csv	NA	NA	NA	NA	NA
143	Brenda Irwin	5667575665000448.csv	6745892958765056.csv	NA	NA	NA	NA	NA
144	Brian Hand	6191292732145664.csv	6210077077798912.csv	NA	NA	NA	NA	NA
145	Brian Lee	4682569610166272.csv	6462770904039424.csv	NA	NA	NA	NA	NA
146	Brian Matthews	5676863716327424.csv	5980391953399808.csv	NA	NA	NA	NA	NA
147	Brick & Mortar Ventures	5196622921203712.csv	6057571345498112.csv	NA	NA	NA	NA	NA
148	BrightStar Wisconsin Foundation	5746664065204224.csv	6328345780289536.csv	NA	NA	NA	NA	NA
149	Bruce Davis	4821720942772224.csv	5654926717878272.csv	NA	NA	NA	NA	NA
150	Bruce Jaffe	5261150555996160.csv	6702404397432832.csv	NA	NA	NA	NA	NA
151	Bruno Bowden	5163390947295232.csv	6065655811932160.csv	NA	NA	NA	NA	NA
152	BStartup	5691985792860160.csv	6267130202816512.csv	NA	NA	NA	NA	NA
153	BTCS	5407062678831104.csv	5665536612499456.csv	NA	NA	NA	NA	NA
154	Cabiedes & Partners	5687773939892224.csv	6103211005968384.csv	NA	NA	NA	NA	NA
155	Caerus Investment Partners	4865566351294464.csv	5478424885854208.csv	NA	NA	NA	NA	NA
156	California HealthCare Foundation	4970990517878784.csv	5805112446418944.csv	NA	NA	NA	NA	NA
157	Cambia Health Solutions	5890668467585024.csv	6317168111124480.csv	NA	NA	NA	NA	NA
158	Capital Factory	6539452012822528.csv	3003.csv	NA	NA	NA	NA	NA
159	Capital Innovators	5821280867581952.csv	275006.csv	NA	NA	NA	NA	NA
160	Capstone Partners Korea	4697773463044096.csv	5100938800922624.csv	NA	NA	NA	NA	NA
161	Carine Magescas	5351556027252736.csv	6572839410860032.csv	NA	NA	NA	NA	NA
162	Carl Byers	5144666483720192.csv	5708470816866304.csv	NA	NA	NA	NA	NA
163	Carla Geisser	5875212935495680.csv	6298912906280960.csv	NA	NA	NA	NA	NA
164	Carol Barash	4820391889469440.csv	6012840833974272.csv	NA	NA	NA	NA	NA
165	Carol Matthews	5094363071774720.csv	6509043371737088.csv	NA	NA	NA	NA	NA
166	Caterina Fake	5635403222614016.csv	5737740427591680.csv	NA	NA	NA	NA	NA
167	Caufield Angel Fund	363628.csv	5692525247463424.csv	NA	NA	NA	NA	NA
168	Causeway Media Partners	5488948809826304.csv	5707924349386752.csv	NA	NA	NA	NA	NA
169	Cedric Kutlu	5060921898565632.csv	5666922779639808.csv	NA	NA	NA	NA	NA
170	Chad Hurley	4977477755600896.csv	5430101218951168.csv	NA	NA	NA	NA	NA
171	Charlie Cheever	5746751961038848.csv	6242059379802112.csv	NA	NA	NA	NA	NA
172	Chase Franklin	4838811020296192.csv	5072625638309888.csv	NA	NA	NA	NA	NA
173	Cherry Ventures	4968466658361344.csv	5156705969111040.csv	NA	NA	NA	NA	NA
174	Chinaccelerator	4636524071092224.csv	5002.csv	NA	NA	NA	NA	NA
175	Chloe Sladden	5187703683416064.csv	5515662592049152.csv	NA	NA	NA	NA	NA
176	Chris DeVore	5184867910287360.csv	5631641670123520.csv	NA	NA	NA	NA	NA
177	Chris Logan	5313294415953920.csv	5653469516005376.csv	NA	NA	NA	NA	NA
178	Chris Pronger	5161004589645824.csv	5936992818823168.csv	NA	NA	NA	NA	NA
179	Chris Sacca	5164217929826304.csv	5475781379620864.csv	NA	NA	NA	NA	NA
180	Chris Sinton	5058265285132288.csv	5122742638608384.csv	NA	NA	NA	NA	NA
181	Chris Underhill	5173836609748992.csv	6578511682732032.csv	NA	NA	NA	NA	NA
182	Christian Dahlen	5084547842572288.csv	6316810018226176.csv	NA	NA	NA	NA	NA
183	Cisco	5336872876244992.csv	5445355785158656.csv	NA	NA	NA	NA	NA
184	Clayton Associates	4790879822807040.csv	5791781941673984.csv	NA	NA	NA	NA	NA
185	Click Ventures	4874666451664896.csv	5648489568534528.csv	NA	NA	NA	NA	NA
186	Cliff Hinrichs	5721943089086464.csv	6010030889369600.csv	NA	NA	NA	NA	NA
187	Clifford Holekamp	5110190294695936.csv	5417441999978496.csv	NA	NA	NA	NA	NA
188	Cloud Fund Partners	5068811082399744.csv	6315964597534720.csv	NA	NA	NA	NA	NA
189	CMU OFEF	5224286990106624.csv	6098361543294976.csv	NA	NA	NA	NA	NA
190	Code for America Accelerator	5112752880222208.csv	50042.csv	NA	NA	NA	NA	NA
191	Collaborative Seed & Growth Partners	4887506612912128.csv	5149032452194304.csv	NA	NA	NA	NA	NA
192	Communitech HYPERDRIVE	5679949549666304.csv	6499200279773184.csv	NA	NA	NA	NA	NA
193	Continuity Fund	5759899862564864.csv	6510203553972224.csv	NA	NA	NA	NA	NA
194	Coolidge Corner Investment	4812325928304640.csv	5150592582287360.csv	NA	NA	NA	NA	NA
195	Core Innovation Capital	5131475162759168.csv	5232643104833536.csv	NA	NA	NA	NA	NA
196	Cowboy Ventures	5951213694615552.csv	6204813020758016.csv	NA	NA	NA	NA	NA
197	Craig Froude	5680182065102848.csv	6265600498204672.csv	NA	NA	NA	NA	NA
198	Craig Shapiro	4852276682293248.csv	6228631068082176.csv	NA	NA	NA	NA	NA
199	Creandum	5098731758157824.csv	5685480070840320.csv	NA	NA	NA	NA	NA
200	Cyberport Hong Kong	4999694560264192.csv	6406792674279424.csv	NA	NA	NA	NA	NA
201	Csar Bardaj	5559710409293824.csv	5675767727915008.csv	NA	NA	NA	NA	NA
202	Dan Gilbert	4896480351485952.csv	5739977925197824.csv	NA	NA	NA	NA	NA
203	Dan Knox	5228366030438400.csv	5600232456847360.csv	NA	NA	NA	NA	NA
204	Dan Rubinstein	5227600049864704.csv	5660016723886080.csv	NA	NA	NA	NA	NA
205	Daniel Debow	5159138996781056.csv	6012132625743872.csv	NA	NA	NA	NA	NA
206	Daniel Martin	5633533204758528.csv	5913053111517184.csv	NA	NA	NA	NA	NA
207	Daniel Wallace	5269112922046464.csv	5767509772861440.csv	NA	NA	NA	NA	NA
208	Dario Meli	4511002699759616.csv	5172320100417536.csv	NA	NA	NA	NA	NA
209	Dave McClure	4838758948012032.csv	5578817108180992.csv	NA	NA	NA	NA	NA
210	Dave Morin	5187734566076416.csv	6263688201764864.csv	NA	NA	NA	NA	NA
211	Dave Panos	5133277287415808.csv	6660006497746944.csv	NA	NA	NA	NA	NA
212	Dave Pell	5133993250914304.csv	5746089730768896.csv	NA	NA	NA	NA	NA
213	Dave Schappell	4894483430768640.csv	6108714335469568.csv	NA	NA	NA	NA	NA
214	David Cummings	5100698618298368.csv	5114692875845632.csv	NA	NA	NA	NA	NA
215	David Jones	4966606803304448.csv	5095882080911360.csv	NA	NA	NA	NA	NA
216	David Kaufmann	4867117639794688.csv	5126333214490624.csv	NA	NA	NA	NA	NA
217	David King	5145060211425280.csv	5437911310794752.csv	NA	NA	NA	NA	NA
218	David Marcus	5661387422433280.csv	5976392659369984.csv	NA	NA	NA	NA	NA
219	David McInnis	5728497074962432.csv	5749966421098496.csv	NA	NA	NA	NA	NA
220	David Ossip	4929484088147968.csv	5074513091887104.csv	NA	NA	NA	NA	NA
221	David Pritchard	5760026765426688.csv	6286126415347712.csv	NA	NA	NA	NA	NA
222	David Shen Ventures	5729505117208576.csv	6292374921674752.csv	NA	NA	NA	NA	NA
223	David Wallerstein	2092002.csv	5639910371360768.csv	NA	NA	NA	NA	NA
224	DCM Ventures	5113698494447616.csv	6324597200781312.csv	NA	NA	NA	NA	NA
225	DDBK PARTNERS	5769167374385152.csv	6670845665607680.csv	NA	NA	NA	NA	NA
226	Dean Gilbert	5815862749560832.csv	6556574067720192.csv	NA	NA	NA	NA	NA
227	Derek Smith	4925587177078784.csv	5758068629438464.csv	NA	NA	NA	NA	NA
228	DeSimone Group Investments	5682180181196800.csv	6240405725118464.csv	NA	NA	NA	NA	NA
229	Devon Galloway	4815786157801472.csv	6063195869413376.csv	NA	NA	NA	NA	NA
230	Diane Loviglio	5122812914171904.csv	5189898847911936.csv	NA	NA	NA	NA	NA
231	Digital Garage	4975087484665856.csv	6220570622427136.csv	NA	NA	NA	NA	NA
232	Digital Leaders Ventures	5537097108684800.csv	6236898209038336.csv	NA	NA	NA	NA	NA
233	Digital Science	5851905578237952.csv	6498415479357440.csv	NA	NA	NA	NA	NA
234	Dimitris Vranopoulos	5202685384982528.csv	6363665959747584.csv	NA	NA	NA	NA	NA
235	Dirk Elmendorf	5936293141807104.csv	6253366254501888.csv	NA	NA	NA	NA	NA
236	Dirk Herzbach	5309673519448064.csv	5768865690681344.csv	NA	NA	NA	NA	NA
237	DMGI	4860020332167168.csv	5672528139780096.csv	NA	NA	NA	NA	NA
238	DN Capital	5147039448956928.csv	5711894476226560.csv	NA	NA	NA	NA	NA
239	Doug Chertok	5764757655126016.csv	5970026037248000.csv	NA	NA	NA	NA	NA
240	Doug Fieldhouse	5766917453250560.csv	6248834153840640.csv	NA	NA	NA	NA	NA
241	Drew Houston	4857797191663616.csv	5092805173051392.csv	NA	NA	NA	NA	NA
242	dRx Capital	5149273473679360.csv	5649026187788288.csv	NA	NA	NA	NA	NA
243	e.Republic Ventures	5406606099480576.csv	5712345313574912.csv	NA	NA	NA	NA	NA
244	East Ventures	4800651041177600.csv	6602634337189888.csv	NA	NA	NA	NA	NA
245	Edastra Venture Capital	5144314313179136.csv	5933871442952192.csv	NA	NA	NA	NA	NA
246	Edison Partners	4701579324162048.csv	5633225305096192.csv	NA	NA	NA	NA	NA
247	Edovate Capital	4792535088103424.csv	6277948499820544.csv	NA	NA	NA	NA	NA
248	Eduardo Mangarelli	5133137063444480.csv	5889445924438016.csv	NA	NA	NA	NA	NA
249	Eileen Rudden	4562944297795584.csv	5688209207984128.csv	NA	NA	NA	NA	NA
250	El Paso Advisors	5129406683021312.csv	5831502617116672.csv	NA	NA	NA	NA	NA
251	Elementum Ventures	5092204867485696.csv	5213627015495680.csv	NA	NA	NA	NA	NA
252	Elevation Partners	4579412175486976.csv	5704576338493440.csv	NA	NA	NA	NA	NA
253	Elizabeth Hart	4954461873111040.csv	5668970564681728.csv	NA	NA	NA	NA	NA
254	Emagen Investment Group, Inc.	5450962948849664.csv	5497964214616064.csv	NA	NA	NA	NA	NA
255	Emanuel Stehle	5312175295954944.csv	5732022941122560.csv	NA	NA	NA	NA	NA
256	Emilios Markou	6302975207145472.csv	6517067696046080.csv	NA	NA	NA	NA	NA
257	Endure Capital	4907013142216704.csv	5244074005102592.csv	NA	NA	NA	NA	NA
258	ENISA	4913441802289152.csv	6409761343930368.csv	NA	NA	NA	NA	NA
259	Entree Capital	5105030495469568.csv	5798863013150720.csv	NA	NA	NA	NA	NA
260	Entrepreneurs Roundtable Accelerator	6293161408200704.csv	2005.csv	NA	NA	NA	NA	NA
261	Eric Chen	4607780031823872.csv	5104197338923008.csv	NA	NA	NA	NA	NA
262	Eric Kagan	5073041759404032.csv	5651572063207424.csv	NA	NA	NA	NA	NA
263	Eric Urhane	5053559221518336.csv	6391536455516160.csv	NA	NA	NA	NA	NA
264	Eric Witte	4698614119006208.csv	6044307312082944.csv	NA	NA	NA	NA	NA
265	Erik Swan	5076019300007936.csv	5377417392685056.csv	NA	NA	NA	NA	NA
266	ESADE BAN	5670438986317824.csv	5740242837438464.csv	NA	NA	NA	NA	NA
267	Escala.vc	4649163488755712.csv	5713092776296448.csv	NA	NA	NA	NA	NA
268	Esther Dyson	5134743498653696.csv	5587613201203200.csv	NA	NA	NA	NA	NA
269	Excel Venture Management	4791204768120832.csv	5930394398490624.csv	NA	NA	NA	NA	NA
270	Eyal Gura	4848886833217536.csv	5348795000815616.csv	NA	NA	NA	NA	NA
271	Fast Track Asia	5620786689736704.csv	5692822204186624.csv	NA	NA	NA	NA	NA
272	FastForward Innovations	5189305202900992.csv	5217155733782528.csv	NA	NA	NA	NA	NA
273	fbFund	6286594298347520.csv	7002.csv	NA	NA	NA	NA	NA
274	Federico Pirzio-Biroli	4646479251636224.csv	6507469668876288.csv	NA	NA	NA	NA	NA
275	Female Founders Fund	4843898501332992.csv	5996900939464704.csv	NA	NA	NA	NA	NA
276	Fernando Botella	5121075922862080.csv	6739949034405888.csv	NA	NA	NA	NA	NA
277	FF Angel LLC	5655190036283392.csv	6733356930695168.csv	NA	NA	NA	NA	NA
278	Flashstarts	4795368319483904.csv	589005.csv	NA	NA	NA	NA	NA
279	Flat6Labs	4898246489014272.csv	5387697879252992.csv	NA	NA	NA	NA	NA
280	Forerunner Ventures	4680101107073024.csv	5730598790365184.csv	NA	NA	NA	NA	NA
281	Fort Ventures	5032250005520384.csv	5741813889499136.csv	NA	NA	NA	NA	NA
282	FounderFuel	5190346682138624.csv	1004.csv	NA	NA	NA	NA	NA
283	FuturePlay	5987686154240000.csv	6048392429961216.csv	NA	NA	NA	NA	NA
284	G2T3V	4947553925726208.csv	6321465808912384.csv	NA	NA	NA	NA	NA
285	GameFounders	6630276243390464.csv	91001.csv	NA	NA	NA	NA	NA
286	GammaRebels	5430758009208832.csv	93003.csv	NA	NA	NA	NA	NA
287	Gary Vaynerchuk	4779399006126080.csv	5147325404020736.csv	NA	NA	NA	NA	NA
288	gener8tor	4760315665317888.csv	263012.csv	NA	NA	NA	NA	NA
289	General Atlantic	5176021154267136.csv	5658436398219264.csv	NA	NA	NA	NA	NA
290	Geoff Judge	5165055226150912.csv	5662236601221120.csv	NA	NA	NA	NA	NA
291	Georges Harik	5051443950125056.csv	5089289486467072.csv	NA	NA	NA	NA	NA
292	GIC	5751103182340096.csv	6089908007469056.csv	NA	NA	NA	NA	NA
293	Giles Goodwin	5178842964557824.csv	6522259527172096.csv	NA	NA	NA	NA	NA
294	Gilles Samoun	6301426263261184.csv	6455924965244928.csv	NA	NA	NA	NA	NA
295	GlenRock Israel	5294033769332736.csv	5502375573848064.csv	NA	NA	NA	NA	NA
296	Glilot Capital Partners	6374806375104512.csv	6710029189120000.csv	NA	NA	NA	NA	NA
297	Global Insurance Accelerator	4840538977075200.csv	5683774385815552.csv	NA	NA	NA	NA	NA
298	Globo	4895600323592192.csv	5990191458156544.csv	NA	NA	NA	NA	NA
299	Go Beyond Investing	5464559640903680.csv	5670727097253888.csv	NA	NA	NA	NA	NA
300	Goldcrest Capital	4691181556465664.csv	5668250394296320.csv	NA	NA	NA	NA	NA
301	Goodwater Capital	5172622023196672.csv	6383326046715904.csv	NA	NA	NA	NA	NA
302	Gordon Segal	4946267612381184.csv	5201123627499520.csv	NA	NA	NA	NA	NA
303	Gordon Tucker	5677538663727104.csv	6449916603793408.csv	NA	NA	NA	NA	NA
304	Gorge Angel Investor Network	5686195958841344.csv	6229095826325504.csv	NA	NA	NA	NA	NA
305	GP Bullhound	4698644619984896.csv	4812212946337792.csv	NA	NA	NA	NA	NA
306	Granatus Ventures	4855055479996416.csv	6330378369368064.csv	NA	NA	NA	NA	NA
307	GrandBanks Capital	5763265992851456.csv	5949837816102912.csv	NA	NA	NA	NA	NA
308	Graph Ventures	5936770860449792.csv	6662988186517504.csv	NA	NA	NA	NA	NA
309	GREE Ventures	4887066546536448.csv	5647960280924160.csv	NA	NA	NA	NA	NA
310	Green Visor Capital	6230434014822400.csv	6427802354057216.csv	NA	NA	NA	NA	NA
311	Greg Badros	5762832335372288.csv	6274477658734592.csv	NA	NA	NA	NA	NA
312	Greg Slyngstad	5239793025810432.csv	5987870368071680.csv	NA	NA	NA	NA	NA
313	Gregory Chang	5028721824104448.csv	5373820907028480.csv	NA	NA	NA	NA	NA
314	GVA capital	4708171268489216.csv	5677441020329984.csv	NA	NA	NA	NA	NA
315	Hal Gentry	4612684213387264.csv	5639493742755840.csv	NA	NA	NA	NA	NA
316	Hans Hickler	5768703975096320.csv	5965574853099520.csv	NA	NA	NA	NA	NA
317	Harvard Business School Angels	5247007262244864.csv	6270763204083712.csv	NA	NA	NA	NA	NA
318	HAXLR8R	6023406889730048.csv	1005.csv	NA	NA	NA	NA	NA
319	Healthbox	6516482527723520.csv	6004.csv	NA	NA	NA	NA	NA
320	HealthTech Capital	4812693693267968.csv	5167703295787008.csv	NA	NA	NA	NA	NA
321	Henrik Rosendahl	5624727448059904.csv	5688443434696704.csv	NA	NA	NA	NA	NA
322	Henrik Torstensson	5672945565302784.csv	5808264696561664.csv	NA	NA	NA	NA	NA
323	Highway1	5388661327659008.csv	2579002.csv	NA	NA	NA	NA	NA
324	Hillhouse Capital Group	5496146495537152.csv	5725367872520192.csv	NA	NA	NA	NA	NA
325	Hiten Shan	5436420256694272.csv	5620441750175744.csv	NA	NA	NA	NA	NA
326	HIVE	5942008623398912.csv	6741469981310976.csv	NA	NA	NA	NA	NA
327	Homestead Partners	5865906651529216.csv	6270960118267904.csv	NA	NA	NA	NA	NA
328	Hudson River Capital Partners	4857202980421632.csv	5334078739972096.csv	NA	NA	NA	NA	NA
329	Humana	4693337059622912.csv	5726887770849280.csv	NA	NA	NA	NA	NA
330	HV Holtzbrinck Ventures	5132212504625152.csv	6722850190786560.csv	NA	NA	NA	NA	NA
331	Hyperplane Venture Capital	5630744827265024.csv	6644739063414784.csv	NA	NA	NA	NA	NA
332	Hyunjoon Park	5731885984514048.csv	6298521930039296.csv	NA	NA	NA	NA	NA
333	Iain Taylor	5283048841019392.csv	5383423698927616.csv	NA	NA	NA	NA	NA
334	IDEA Fund Partners	5719459406807040.csv	5916603937980416.csv	NA	NA	NA	NA	NA
335	IDEO	5098870119858176.csv	6459147964907520.csv	NA	NA	NA	NA	NA
336	IDG Ventures USA	5119782638583808.csv	5660071031734272.csv	NA	NA	NA	NA	NA
337	IG Business Angels	4763812838244352.csv	5733013870608384.csv	NA	NA	NA	NA	NA
338	Imagine K12	4611719561216000.csv	6006.csv	NA	NA	NA	NA	NA
339	In Hsieh	5671297740701696.csv	6573419025924096.csv	NA	NA	NA	NA	NA
340	IncuVest	5635977808707584.csv	6427409469407232.csv	NA	NA	NA	NA	NA
341	Industrifonden	4856573784489984.csv	6699982375616512.csv	NA	NA	NA	NA	NA
342	InnoSpring	6641303433510912.csv	20001.csv	NA	NA	NA	NA	NA
343	Innovation Department	4685357970882560.csv	5742590221615104.csv	NA	NA	NA	NA	NA
344	Inspiration Ventures	5491174542409728.csv	5720258002288640.csv	NA	NA	NA	NA	NA
345	Investor's Circle	5175222709780480.csv	6238735041560576.csv	NA	NA	NA	NA	NA
346	Investors Foundry	4697321635840000.csv	4866091817893888.csv	NA	NA	NA	NA	NA
347	Iowa Startup Accelerator	5189600431570944.csv	5213879441293312.csv	NA	NA	NA	NA	NA
348	Iron Gate Capital	5202704024469504.csv	5536219177943040.csv	NA	NA	NA	NA	NA
349	iSeed Ventures	5753757941891072.csv	5808899168927744.csv	NA	NA	NA	NA	NA
350	Issac Roth	5631259166375936.csv	5921418327883776.csv	NA	NA	NA	NA	NA
351	iSteps App Ventures	361610.csv	5633048808783872.csv	NA	NA	NA	NA	NA
352	Isy Goldwasser	5803237336678400.csv	6310631892320256.csv	NA	NA	NA	NA	NA
353	Jaan Tallinn	4861184817758208.csv	5504834656534528.csv	NA	NA	NA	NA	NA
354	Jake Gibson	6243949001834496.csv	6751488269352960.csv	NA	NA	NA	NA	NA
355	James Currier	5720393939681280.csv	6189458378457088.csv	NA	NA	NA	NA	NA
356	James Hirsch	5446657030225920.csv	6263271522828288.csv	NA	NA	NA	NA	NA
357	James Lindenbaum	5300395719000064.csv	5654242408792064.csv	NA	NA	NA	NA	NA
358	Jason Finger	5150695158185984.csv	6262962775916544.csv	NA	NA	NA	NA	NA
359	Jason Green	5200464270327808.csv	5707052773015552.csv	NA	NA	NA	NA	NA
360	Jason Henrichs	5459494968492032.csv	5919862878633984.csv	NA	NA	NA	NA	NA
361	Jason Port	5686639766536192.csv	5854521485950976.csv	NA	NA	NA	NA	NA
362	Javier Juncadella	5195848082259968.csv	6665865680388096.csv	NA	NA	NA	NA	NA
363	Jay Boberg	5997118334435328.csv	6291447028383744.csv	NA	NA	NA	NA	NA
364	Jay Srinivasan	5127027136921600.csv	5245994660790272.csv	NA	NA	NA	NA	NA
365	Jayna Cooke	5706524995354624.csv	6131510805528576.csv	NA	NA	NA	NA	NA
366	Jean Pigozzi	4683574015950848.csv	5763597376421888.csv	NA	NA	NA	NA	NA
367	Jeff Arnold	4605504370245632.csv	6049411410952192.csv	NA	NA	NA	NA	NA
368	Jeff Epstein	5704757398208512.csv	5895799611326464.csv	NA	NA	NA	NA	NA
369	Jeff Fluhr	5677709690667008.csv	5754738968625152.csv	NA	NA	NA	NA	NA
370	Jeff Jordan	5755912186757120.csv	6033633970225152.csv	NA	NA	NA	NA	NA
371	Jeff Weiner	5753088681967616.csv	6562701899726848.csv	NA	NA	NA	NA	NA
372	Jennifer Lum	4629498163101696.csv	5706648978980864.csv	NA	NA	NA	NA	NA
373	Jerry Yang	4910481408000000.csv	5713733208768512.csv	NA	NA	NA	NA	NA
374	Jesse Draper	4853124355325952.csv	4930801569366016.csv	NA	NA	NA	NA	NA
375	Jesse Robbins	4691485991632896.csv	6216760667668480.csv	NA	NA	NA	NA	NA
376	Jessica Livingston	5166122290642944.csv	5730387347111936.csv	NA	NA	NA	NA	NA
377	Jim Estill	5678719557435392.csv	5712247703732224.csv	NA	NA	NA	NA	NA
378	Jim McKelvey	5237303018520576.csv	5750118678528000.csv	NA	NA	NA	NA	NA
379	Jim Payne	5243051060494336.csv	5843651607396352.csv	NA	NA	NA	NA	NA
380	Joe Fernandez	5142770956107776.csv	5765621329428480.csv	NA	NA	NA	NA	NA
381	Joe Montana	5646038283059200.csv	6744587599085568.csv	NA	NA	NA	NA	NA
382	Joel Simkhai	6173834990321664.csv	6266561954316288.csv	NA	NA	NA	NA	NA
383	John Katzman	5661553445568512.csv	5735016046788608.csv	NA	NA	NA	NA	NA
384	John Maloney	5092886089564160.csv	5895509440987136.csv	NA	NA	NA	NA	NA
385	John Taysom	5746422120972288.csv	6145477913346048.csv	NA	NA	NA	NA	NA
386	Jon Koen	4788592085827584.csv	5992891381972992.csv	NA	NA	NA	NA	NA
387	Jon Peterson	5721378451881984.csv	6179949723516928.csv	NA	NA	NA	NA	NA
388	Jonah Goodhart	5172054902964224.csv	5561543286587392.csv	NA	NA	NA	NA	NA
389	Jonathan Coon	5709735600848896.csv	6127087266037760.csv	NA	NA	NA	NA	NA
390	Joshua Reeves	5125050965426176.csv	6083247997976576.csv	NA	NA	NA	NA	NA
391	Joshua Summers	4739704352145408.csv	6232703028428800.csv	NA	NA	NA	NA	NA
392	Justin Fishner-Wolfson	5382994017648640.csv	6410690130608128.csv	NA	NA	NA	NA	NA
393	Justin Kitch	5073667050438656.csv	5715500147408896.csv	NA	NA	NA	NA	NA
394	Justin Mateen	5390429059022848.csv	5505471574179840.csv	NA	NA	NA	NA	NA
395	Justin Yoshimura	4948551998111744.csv	5734710567239680.csv	NA	NA	NA	NA	NA
396	Kae Capital	5159578727612416.csv	5555964124069888.csv	NA	NA	NA	NA	NA
397	Kalaari Capital	5693375449661440.csv	6538584416845824.csv	NA	NA	NA	NA	NA
398	Kamran Pourzanjani	6512156958785536.csv	6656381050421248.csv	NA	NA	NA	NA	NA
399	Kavin Stewart	5714087795228672.csv	6674218854907904.csv	NA	NA	NA	NA	NA
400	Keith Nowak	5711982405615616.csv	6638187032084480.csv	NA	NA	NA	NA	NA
401	Ken Ross	5927289145524224.csv	6147079235698688.csv	NA	NA	NA	NA	NA
402	Ken Salkin	4916394541973504.csv	6285656653299712.csv	NA	NA	NA	NA	NA
403	Kevin Moore	5583277939228672.csv	6238042817822720.csv	NA	NA	NA	NA	NA
404	Kevin Rose	5671320943591424.csv	6418222832156672.csv	NA	NA	NA	NA	NA
405	Kevin Willer	5734052699045888.csv	6391834553090048.csv	NA	NA	NA	NA	NA
406	Khailee Ng	5090786093826048.csv	5553503107809280.csv	NA	NA	NA	NA	NA
407	Kite Ventures	4829034152198144.csv	5043297735147520.csv	NA	NA	NA	NA	NA
408	Krillion Ventures	5678279021297664.csv	6544329870934016.csv	NA	NA	NA	NA	NA
409	Kyle Porter	5086860837650432.csv	6312258070118400.csv	NA	NA	NA	NA	NA
410	Launch Capital	5741691969470464.csv	6496013984464896.csv	NA	NA	NA	NA	NA
411	LaunchBox Digital	4720511078629376.csv	8004.csv	NA	NA	NA	NA	NA
412	LaunchHouse	5554289594335232.csv	287009.csv	NA	NA	NA	NA	NA
413	LAUNCHub	6336393106161664.csv	338001.csv	NA	NA	NA	NA	NA
414	Laurent Asscher	4788065545486336.csv	6022508608225280.csv	NA	NA	NA	NA	NA
415	Lead Edge Capital	5127766676602880.csv	6304655810232320.csv	NA	NA	NA	NA	NA
416	LEAF Investments	4814454097182720.csv	5760741894258688.csv	NA	NA	NA	NA	NA
417	LearnLaunchX	5452234896703488.csv	1375001.csv	NA	NA	NA	NA	NA
418	Lee Lau	5004924651831296.csv	5115067783708672.csv	NA	NA	NA	NA	NA
419	Leonard Speiser	4673346587328512.csv	6655162680606720.csv	NA	NA	NA	NA	NA
420	Li Ka-shing	5159039746965504.csv	5640005951160320.csv	NA	NA	NA	NA	NA
421	Lily Sarafan	5662125552828416.csv	6400933567135744.csv	NA	NA	NA	NA	NA
422	lool ventures	4768744534441984.csv	5106954305273856.csv	NA	NA	NA	NA	NA
423	Loren Siebert	5672648558247936.csv	5970586845052928.csv	NA	NA	NA	NA	NA
424	Lorenzo Thione	4658985839886336.csv	5937790646747136.csv	NA	NA	NA	NA	NA
425	Lucas Venture Group	6031209607987200.csv	6594266117701632.csv	NA	NA	NA	NA	NA
426	Lucy McAllister	6254298195296256.csv	6660158574821376.csv	NA	NA	NA	NA	NA
427	Lucy McQuilken	5859152937091072.csv	6257126766804992.csv	NA	NA	NA	NA	NA
428	m8 Capital	5901160682618880.csv	6412299535384576.csv	NA	NA	NA	NA	NA
429	Magma Venture Partners	5643794766626816.csv	6325063347339264.csv	NA	NA	NA	NA	NA
430	Mahdi Shariff	5658408057307136.csv	6049631783878656.csv	NA	NA	NA	NA	NA
431	Maine Venture Fund	4812553557377024.csv	6128321926529024.csv	NA	NA	NA	NA	NA
432	malmo ventures	4864581868453888.csv	5420055118479360.csv	NA	NA	NA	NA	NA
433	Manish Lachwani	5635312776642560.csv	5646737305763840.csv	NA	NA	NA	NA	NA
434	Marc Altshuller	4644095758696448.csv	5729283825729536.csv	NA	NA	NA	NA	NA
435	Marc Randolph	4854926899412992.csv	4980606412783616.csv	NA	NA	NA	NA	NA
436	Mark Wachen	4896236599508992.csv	5144732950855680.csv	NA	NA	NA	NA	NA
437	MaRS Investment Accelerator Fund	5662366389764096.csv	6399949591805952.csv	NA	NA	NA	NA	NA
438	Massimiliano Pellegrini	5679236434100224.csv	6630681308299264.csv	NA	NA	NA	NA	NA
439	Mathias Ackermand	5755394743861248.csv	5772626131681280.csv	NA	NA	NA	NA	NA
440	Matt Mazzeo	5692728285331456.csv	6397928037941248.csv	NA	NA	NA	NA	NA
441	Matt Molinari	4906108766388224.csv	6694024870100992.csv	NA	NA	NA	NA	NA
442	Mattias Miksche	5073683991232512.csv	5162267276476416.csv	NA	NA	NA	NA	NA
443	Maurice Werdegar	5083457948483584.csv	6591410107056128.csv	NA	NA	NA	NA	NA
444	Maven Ventures	5089889963999232.csv	5103194396950528.csv	NA	NA	NA	NA	NA
445	Media Camp	5065928358232064.csv	926002.csv	NA	NA	NA	NA	NA
446	Mehul Nariyawala	5638275381329920.csv	6657060057907200.csv	NA	NA	NA	NA	NA
447	MentorTech Ventures	5410236823240704.csv	5658025956212736.csv	NA	NA	NA	NA	NA
448	Mexican.VC	5465542177587200.csv	5713909352759296.csv	NA	NA	NA	NA	NA
449	Meyer Malka	5516798048862208.csv	5684374464888832.csv	NA	NA	NA	NA	NA
450	Michael Arrington	5145160300101632.csv	5732769560788992.csv	NA	NA	NA	NA	NA
451	Michael Baum	5200794722762752.csv	5249287927627776.csv	NA	NA	NA	NA	NA
452	Michael Berolzheimer	5114064371974144.csv	6423066481524736.csv	NA	NA	NA	NA	NA
453	Michael Fleisher	5191326739988480.csv	6610584887885824.csv	NA	NA	NA	NA	NA
454	Michael Klayko	5693170465636352.csv	6441204900167680.csv	NA	NA	NA	NA	NA
455	Michael Levit	4647823890972672.csv	6308955328348160.csv	NA	NA	NA	NA	NA
456	Michael Litt	4906608123445248.csv	5748996463132672.csv	NA	NA	NA	NA	NA
457	Michael Mark	4596972791005184.csv	4870942446583808.csv	NA	NA	NA	NA	NA
458	Mid-Atlantic Angel Group	5677473568129024.csv	6303317785313280.csv	NA	NA	NA	NA	NA
459	Mike Curtis	5547168031047680.csv	5713068310921216.csv	NA	NA	NA	NA	NA
460	Mike Dunleavy Jr.	5635496034172928.csv	6079682470477824.csv	NA	NA	NA	NA	NA
461	Mike McCauley	6388826868023296.csv	6548060133916672.csv	NA	NA	NA	NA	NA
462	Mike Shinoda	6325927998914560.csv	6573668830281728.csv	NA	NA	NA	NA	NA
463	Mike Stork	5646800992075776.csv	6089025836285952.csv	NA	NA	NA	NA	NA
464	Miles Lasater	5033506988097536.csv	5733993592913920.csv	NA	NA	NA	NA	NA
465	MissionOG	5184445011197952.csv	5207063395303424.csv	NA	NA	NA	NA	NA
466	MK Capital	4620636613771264.csv	5738107567603712.csv	NA	NA	NA	NA	NA
467	Moment Ventures	5240461790806016.csv	6275927650598912.csv	NA	NA	NA	NA	NA
468	Momentum	6459210476814336.csv	3007.csv	NA	NA	NA	NA	NA
469	Monkfish Equity	4833159283736576.csv	5378224645210112.csv	NA	NA	NA	NA	NA
470	Moosylvania Marketing	5839654465044480.csv	6239813669748736.csv	NA	NA	NA	NA	NA
471	Mosley Ventures	5292506132512768.csv	5325669022040064.csv	NA	NA	NA	NA	NA
472	Mousse Partners	5662472186888192.csv	6143684999380992.csv	NA	NA	NA	NA	NA
473	National Institutes of Health	5593418579312640.csv	6735289233965056.csv	NA	NA	NA	NA	NA
474	National Science Foundation	5949207005364224.csv	6127710170513408.csv	NA	NA	NA	NA	NA
475	Naveen Jain	5635323262402560.csv	6140636650536960.csv	NA	NA	NA	NA	NA
476	Navitas Capital	5392258224357376.csv	5697906656935936.csv	NA	NA	NA	NA	NA
477	NC IDEA	5732977665376256.csv	5834191971287040.csv	NA	NA	NA	NA	NA
478	Neil Davidson	6283958048260096.csv	6644432552067072.csv	NA	NA	NA	NA	NA
479	Netprice Partners	5635395085664256.csv	5830236843278336.csv	NA	NA	NA	NA	NA
480	New Dominion Angels	5989309249224704.csv	6089739673272320.csv	NA	NA	NA	NA	NA
481	New Ground Ventures	5715920689299456.csv	6243536739500032.csv	NA	NA	NA	NA	NA
482	New York Angels	5749095016693760.csv	6479551978799104.csv	NA	NA	NA	NA	NA
483	New York Digital Health Accelerator	6494344655667200.csv	237002.csv	NA	NA	NA	NA	NA
484	New Zealand Venture Investment Fund	4882034182848512.csv	6271706599522304.csv	NA	NA	NA	NA	NA
485	NextStart	5935251612237824.csv	3008.csv	NA	NA	NA	NA	NA
486	Nexus Venture Partners	5748074521559040.csv	6650233580683264.csv	NA	NA	NA	NA	NA
487	Nick Bilogorskiy	6363222391128064.csv	6493851971747840.csv	NA	NA	NA	NA	NA
488	Nissay Capital	5439472262971392.csv	5712014953414656.csv	NA	NA	NA	NA	NA
489	NMotion	5637431571251200.csv	589004.csv	NA	NA	NA	NA	NA
490	Nonami Investments	5109096755757056.csv	5337930881040384.csv	NA	NA	NA	NA	NA
491	North Coast Angel Fund	5965444393467904.csv	6485694037884928.csv	NA	NA	NA	NA	NA
492	Northern Michigan Angels	4576231752204288.csv	4658706755092480.csv	NA	NA	NA	NA	NA
493	Novel TMT Ventures	5473423299969024.csv	5750001607114752.csv	NA	NA	NA	NA	NA
494	O'Leary Ventures	4685588389167104.csv	6296182364045312.csv	NA	NA	NA	NA	NA
495	Oasis 500	6413219434332160.csv	4004.csv	NA	NA	NA	NA	NA
496	Only Holding	5718114595504128.csv	5783338316988416.csv	NA	NA	NA	NA	NA
497	Ontario Centres of Excellence	5202385194450944.csv	5634911297863680.csv	NA	NA	NA	NA	NA
498	Optus Innov8	5311573740486656.csv	6150890599743488.csv	NA	NA	NA	NA	NA
499	Orange	5764515694116864.csv	6672712890056704.csv	NA	NA	NA	NA	NA
500	Orange Digital Ventures	5352322917990400.csv	5737250390278144.csv	NA	NA	NA	NA	NA
501	Orange Fab	6138618150125568.csv	5508616203272192.csv	NA	NA	NA	NA	NA
502	Oregon Story Board	4944044060835840.csv	5077134548664320.csv	NA	NA	NA	NA	NA
503	Otter Rock Capital	5998881154269184.csv	6302711603527680.csv	NA	NA	NA	NA	NA
504	Ovo Fund	5985656899633152.csv	6304048374349824.csv	NA	NA	NA	NA	NA
505	Owen Van Natta	5108762033520640.csv	5997018610663424.csv	NA	NA	NA	NA	NA
506	Oxygen Accelerator	4830428422733824.csv	6009.csv	NA	NA	NA	NA	NA
507	Paddy Bolger	5111122185158656.csv	5977237304115200.csv	NA	NA	NA	NA	NA
508	Palm Drive Capital	4988365912932352.csv	6203483749351424.csv	NA	NA	NA	NA	NA
509	Pat Kinsel	5654699571150848.csv	6248110275690496.csv	NA	NA	NA	NA	NA
510	Pat Matthews	5642363133231104.csv	6731623076724736.csv	NA	NA	NA	NA	NA
511	Paul Sagan	5665992415903744.csv	6636307136643072.csv	NA	NA	NA	NA	NA
512	Payment Ventures	5740873912418304.csv	6092702831607808.csv	NA	NA	NA	NA	NA
513	Peak Capital	5758195800735744.csv	6544082612518912.csv	NA	NA	NA	NA	NA
514	Peter Ashley	4928224588988416.csv	5675054880784384.csv	NA	NA	NA	NA	NA
515	Peter Jackson	4876600390713344.csv	5154512427810816.csv	NA	NA	NA	NA	NA
516	Peter Pastewka	5382629142560768.csv	6205534025809920.csv	NA	NA	NA	NA	NA
517	Peter Thornton	4797092631412736.csv	6432247745871872.csv	NA	NA	NA	NA	NA
518	Peter Verrillo	5635705157976064.csv	5705369414270976.csv	NA	NA	NA	NA	NA
519	Phenomen Ventures	4881100514000896.csv	6484982058975232.csv	NA	NA	NA	NA	NA
520	Pietro Dova	5364706780905472.csv	6277147740078080.csv	NA	NA	NA	NA	NA
521	PivotNorth Capital	5117788242837504.csv	6532070335578112.csv	NA	NA	NA	NA	NA
522	PJ Tech Catalyst	5647528838037504.csv	5832352198557696.csv	NA	NA	NA	NA	NA
523	PKS Capital	5815733644689408.csv	5989399326097408.csv	NA	NA	NA	NA	NA
524	PLUS Ventures	4748509701996544.csv	6256261716770816.csv	NA	NA	NA	NA	NA
525	Pole Capital	6321897507651584.csv	6700635479080960.csv	NA	NA	NA	NA	NA
526	Portland Seed Fund	5764351344508928.csv	1008.csv	NA	NA	NA	NA	NA
527	Poseidon Asset Management	5361189643091968.csv	5651542820519936.csv	NA	NA	NA	NA	NA
528	Private Investors	5097657009700864.csv	5161766791151616.csv	NA	NA	NA	NA	NA
529	PROfounders Capital	5111084805521408.csv	6194366150344704.csv	NA	NA	NA	NA	NA
530	Project A Ventures	5136867578085376.csv	6022967427334144.csv	NA	NA	NA	NA	NA
531	Project Skyway	5815461186895872.csv	222002.csv	NA	NA	NA	NA	NA
532	Propeller Venture Accelerator	6403360768917504.csv	8007.csv	NA	NA	NA	NA	NA
533	ProSiebenSat.1 Accelerator	5834954701275136.csv	6296967114129408.csv	NA	NA	NA	NA	NA
534	Prototron	5092318868668416.csv	5143705384124416.csv	NA	NA	NA	NA	NA
535	Providence Health & Services	5682266567081984.csv	5769417476538368.csv	NA	NA	NA	NA	NA
536	Pule Taukobong	4834842474708992.csv	5664125547970560.csv	NA	NA	NA	NA	NA
537	QED Investors	4927571724599296.csv	6143174871351296.csv	NA	NA	NA	NA	NA
538	Rackspace	4553385076326400.csv	4884807607648256.csv	NA	NA	NA	NA	NA
539	Radical Investments	5691605201715200.csv	5727838749589504.csv	NA	NA	NA	NA	NA
540	Rahul Bhatia	4723594227613696.csv	6221012802732032.csv	NA	NA	NA	NA	NA
541	Raine Ventures	4793247960399872.csv	5647711424479232.csv	NA	NA	NA	NA	NA
542	Raj Bhaskar	5391622569197568.csv	6307342291304448.csv	NA	NA	NA	NA	NA
543	Raj Choudhury	5211410934005760.csv	6722531302047744.csv	NA	NA	NA	NA	NA
544	RBC Generator Fund	5176849881628672.csv	5746386733629440.csv	NA	NA	NA	NA	NA
545	Rebecca Roven	5149604756586496.csv	5363689410527232.csv	NA	NA	NA	NA	NA
546	Rees Capital	5832792722112512.csv	6307387883388928.csv	NA	NA	NA	NA	NA
547	Ric Calvillo	5512190714970112.csv	6295387878981632.csv	NA	NA	NA	NA	NA
548	Ricardo Fernandez	5631016853045248.csv	6404893938024448.csv	NA	NA	NA	NA	NA
549	Richard Fearn	4583220964229120.csv	5169112766480384.csv	NA	NA	NA	NA	NA
550	Richmond Park Partners	5829195582144512.csv	6125228707020800.csv	NA	NA	NA	NA	NA
551	Rick Morrison	5759665518411776.csv	6198941666246656.csv	NA	NA	NA	NA	NA
552	Rick Timmins	5196144619552768.csv	6491301700698112.csv	NA	NA	NA	NA	NA
553	Rikard Steiber	5938112853180416.csv	6533355470323712.csv	NA	NA	NA	NA	NA
554	RIT Capital Partners	5762496589725696.csv	6490447002206208.csv	NA	NA	NA	NA	NA
555	Rob de Heus	5037410979151872.csv	5090731156832256.csv	NA	NA	NA	NA	NA
556	Robert Saunders	5742997152989184.csv	6636747169464320.csv	NA	NA	NA	NA	NA
557	Robin Hood Ventures	5670681345785856.csv	6106312341454848.csv	NA	NA	NA	NA	NA
558	Robolution Capital	5605780334051328.csv	5738220075614208.csv	NA	NA	NA	NA	NA
559	Rock Creek Capital	5390629685166080.csv	5706811583758336.csv	NA	NA	NA	NA	NA
560	Rockaway Capital	5152915421396992.csv	6206491816099840.csv	NA	NA	NA	NA	NA
561	rocketship.vc	4616240807018496.csv	5673849286819840.csv	NA	NA	NA	NA	NA
562	Rockstart	5076654938390528.csv	5997454147190784.csv	NA	NA	NA	NA	NA
563	Rockstart Accelerator	6204950296133632.csv	68018.csv	NA	NA	NA	NA	NA
564	Roger Salzman	5148862264115200.csv	5315722536288256.csv	NA	NA	NA	NA	NA
565	Rohit Bansal	5245335131652096.csv	6193500974481408.csv	NA	NA	NA	NA	NA
566	Ron Gura	5680647515406336.csv	6251538506842112.csv	NA	NA	NA	NA	NA
567	Rony Kahan	5130469670649856.csv	6360806065176576.csv	NA	NA	NA	NA	NA
568	Root Ventures	5177065754066944.csv	5970307273719808.csv	NA	NA	NA	NA	NA
569	Rudy Gadre	5175574628663296.csv	5630688472596480.csv	NA	NA	NA	NA	NA
570	Rufus Griscom	5950986195566592.csv	6205153665351680.csv	NA	NA	NA	NA	NA
571	Russia Partners	5130730975789056.csv	5975362848686080.csv	NA	NA	NA	NA	NA
572	Ryan Allis	6020934553042944.csv	6247144621080576.csv	NA	NA	NA	NA	NA
573	Ryan Slack	5174324281475072.csv	6436823261773824.csv	NA	NA	NA	NA	NA
574	Saeed Amidi	5383226143014912.csv	5958338693038080.csv	NA	NA	NA	NA	NA
575	Safa Rashtchy	4975182494040064.csv	5485462470787072.csv	NA	NA	NA	NA	NA
576	Safeguard Scientifics	5140622168031232.csv	5161745677025280.csv	NA	NA	NA	NA	NA
577	Salesforce	5619633793007616.csv	5730344800092160.csv	NA	NA	NA	NA	NA
578	Sam Choi	5370228263354368.csv	5732789911552000.csv	NA	NA	NA	NA	NA
579	Sam Teller	5658896907632640.csv	6046928919855104.csv	NA	NA	NA	NA	NA
580	Sam Yagan	5503345544396800.csv	6308849631887360.csv	NA	NA	NA	NA	NA
581	Sand Hill East	5666845642194944.csv	6308586313482240.csv	NA	NA	NA	NA	NA
582	Sangbeom Kim	4805408493404160.csv	5271186040684544.csv	NA	NA	NA	NA	NA
583	Sangwook Jin	5357192337162240.csv	5775226499497984.csv	NA	NA	NA	NA	NA
584	Sapphire Ventures	4833363164659712.csv	5645058560753664.csv	NA	NA	NA	NA	NA
585	Sarah du Heaume	5501863340277760.csv	5630776972410880.csv	NA	NA	NA	NA	NA
586	Sarah Imbach	5707956494532608.csv	5890308239785984.csv	NA	NA	NA	NA	NA
587	Science	6063994867548160.csv	6298687890259968.csv	NA	NA	NA	NA	NA
588	Scott Petry	5658270110842880.csv	5729638462521344.csv	NA	NA	NA	NA	NA
589	Scottish Equity Partners (SEP)	5049049669435392.csv	5123009698332672.csv	NA	NA	NA	NA	NA
590	Seattle Angel Conference	4817049184370688.csv	5099214589657088.csv	NA	NA	NA	NA	NA
591	Seed Hatchery	5170759919992832.csv	1030003.csv	NA	NA	NA	NA	NA
592	Seedcamp	5813051710242816.csv	4005.csv	NA	NA	NA	NA	NA
593	SeedSumo	6284670509514752.csv	5955001.csv	NA	NA	NA	NA	NA
594	Seeqnce	4706469547081728.csv	100003.csv	NA	NA	NA	NA	NA
595	Seraph Group	5561392291643392.csv	5682445630308352.csv	NA	NA	NA	NA	NA
596	Sergio Corts	5638741351727104.csv	6522130707513344.csv	NA	NA	NA	NA	NA
597	Seven Peaks Ventures	5123229349838848.csv	5693721949503488.csv	NA	NA	NA	NA	NA
598	SGVC	5387376159358976.csv	6267131876343808.csv	NA	NA	NA	NA	NA
599	Shailesh Rao	5059847619870720.csv	5713178805665792.csv	NA	NA	NA	NA	NA
600	Shana Fisher	5887881717481472.csv	6233439078449152.csv	NA	NA	NA	NA	NA
601	Shane Battier	5155734346006528.csv	5456441007669248.csv	NA	NA	NA	NA	NA
602	Shawn V. Gruver	6207364600430592.csv	6211399944503296.csv	NA	NA	NA	NA	NA
603	SherpaShare	4602201431343104.csv	6302539318296576.csv	NA	NA	NA	NA	NA
604	Shogo Kawada	5681096289157120.csv	6727438331543552.csv	NA	NA	NA	NA	NA
605	Shotput Ventures	5681848680185856.csv	2008.csv	NA	NA	NA	NA	NA
606	Simon Bichara	5417694467719168.csv	6576949388378112.csv	NA	NA	NA	NA	NA
607	Simon Whitfield	5383146946166784.csv	5746025121710080.csv	NA	NA	NA	NA	NA
608	Socialatom Ventures	5114436251549696.csv	6323465153937408.csv	NA	NA	NA	NA	NA
609	Solomon Hykes	5321714753863680.csv	5721903696183296.csv	NA	NA	NA	NA	NA
610	Solon Mack Capital	5346430877171712.csv	6528896715456512.csv	NA	NA	NA	NA	NA
611	Source Interlink Companies	5217599319179264.csv	5691664794386432.csv	NA	NA	NA	NA	NA
612	SP Investment Fund LLC	6165722333970432.csv	6262950205587456.csv	NA	NA	NA	NA	NA
613	Spark	5634130419122176.csv	6605863645085696.csv	NA	NA	NA	NA	NA
614	SparkLabs Accelerator	4906304254509056.csv	6571087563325440.csv	NA	NA	NA	NA	NA
615	Sparkland Capital	4827175958085632.csv	5765200003203072.csv	NA	NA	NA	NA	NA
616	Sridhar Iyengar	5753073829937152.csv	6263857181884416.csv	NA	NA	NA	NA	NA
617	Stage One Capital	5669200387375104.csv	6666279876296704.csv	NA	NA	NA	NA	NA
618	Stanford University	5727790498316288.csv	6499819531010048.csv	NA	NA	NA	NA	NA
619	Stanford University Venture Fund	5556602597801984.csv	5991873462140928.csv	NA	NA	NA	NA	NA
620	Start Capital	5147556812161024.csv	6195838250385408.csv	NA	NA	NA	NA	NA
621	Start Co.	5330802179047424.csv	6385961957064704.csv	NA	NA	NA	NA	NA
622	Start Fellows	5987202601320448.csv	6376707648913408.csv	NA	NA	NA	NA	NA
623	StartEngine	6063249124491264.csv	101001.csv	NA	NA	NA	NA	NA
624	StartFast Venture Accelerator	5809462459760640.csv	5007.csv	NA	NA	NA	NA	NA
625	Startl	5248579891363840.csv	7005.csv	NA	NA	NA	NA	NA
626	StartLabs	5117269151580160.csv	6190203911798784.csv	NA	NA	NA	NA	NA
627	Startup Wise Guys	6371651667099648.csv	3011.csv	NA	NA	NA	NA	NA
628	Startupbootcamp	5146455236935680.csv	7006.csv	NA	NA	NA	NA	NA
629	StartupHighway	5697022799642624.csv	123003.csv	NA	NA	NA	NA	NA
630	StartupYard	4899498912382976.csv	126005.csv	NA	NA	NA	NA	NA
631	Stefan Sharkansky	5744548458266624.csv	6213720606769152.csv	NA	NA	NA	NA	NA
632	Stephano Kim	4916996776919040.csv	5546784839434240.csv	NA	NA	NA	NA	NA
633	Stephen Bullock	5654185752133632.csv	6346178916515840.csv	NA	NA	NA	NA	NA
634	Stephen Killeen	5287693323862016.csv	5883771295367168.csv	NA	NA	NA	NA	NA
635	Steve Bennet	5709970683199488.csv	5820997831753728.csv	NA	NA	NA	NA	NA
636	Steve Chen	5214067413221376.csv	5938415430270976.csv	NA	NA	NA	NA	NA
637	Steve Gilpin	5682884488724480.csv	5978873883787264.csv	NA	NA	NA	NA	NA
638	Steve Kaufmann	5526789719851008.csv	5846652715794432.csv	NA	NA	NA	NA	NA
639	Steven Tamm	6156850005278720.csv	6348220993110016.csv	NA	NA	NA	NA	NA
640	Stonebridge Capital	4562309078843392.csv	5183185780473856.csv	NA	NA	NA	NA	NA
641	Straight Shot	4757759975227392.csv	5709156346494976.csv	NA	NA	NA	NA	NA
642	Strauss Zelnick	5428514425667584.csv	5758626287321088.csv	NA	NA	NA	NA	NA
643	Stripes Group	4790885967462400.csv	5768643342237696.csv	NA	NA	NA	NA	NA
644	Stuart Larkins	5458946986868736.csv	5666386294603776.csv	NA	NA	NA	NA	NA
645	Sujal Patel	5636564507951104.csv	6330906012811264.csv	NA	NA	NA	NA	NA
646	Summit Partners	4927071423823872.csv	5694355071303680.csv	NA	NA	NA	NA	NA
647	Sunghyun So	6216566169403392.csv	6718298238484480.csv	NA	NA	NA	NA	NA
648	Sunil Hirani	5212730873085952.csv	6276595065028608.csv	NA	NA	NA	NA	NA
649	Sunil Kalra	5339481666224128.csv	5640924235300864.csv	NA	NA	NA	NA	NA
650	Swarth Group	6070525738614784.csv	6106906179403776.csv	NA	NA	NA	NA	NA
651	SYD Ventures	5224649566715904.csv	5655755126472704.csv	NA	NA	NA	NA	NA
652	Sydney Angels Sidecar Fund	4576581074812928.csv	6366315602247680.csv	NA	NA	NA	NA	NA
653	Sze-jun Tsai	5735004856385536.csv	6023741360308224.csv	NA	NA	NA	NA	NA
654	Taiga Matsuyama	5692718068006912.csv	6435573426290688.csv	NA	NA	NA	NA	NA
655	Talent Equity Ventures	4734392178049024.csv	5701766825902080.csv	NA	NA	NA	NA	NA
656	Tandem Capital	6224332405604352.csv	6568335802105856.csv	NA	NA	NA	NA	NA
657	TANEO fund	5194046662246400.csv	5740121819185152.csv	NA	NA	NA	NA	NA
658	Tanja Lau	4847053330972672.csv	5920216328437760.csv	NA	NA	NA	NA	NA
659	Tech Wildcatters	6128266607853568.csv	8009.csv	NA	NA	NA	NA	NA
660	Technology Strategy Board	4668484264919040.csv	5455821295058944.csv	NA	NA	NA	NA	NA
661	Telluride Venture Accelerator	6484218179747840.csv	264002.csv	NA	NA	NA	NA	NA
662	TenOneTen Ventures	4777064523628544.csv	6219025440833536.csv	NA	NA	NA	NA	NA
663	The Brandery	5721099681660928.csv	2004.csv	NA	NA	NA	NA	NA
664	The Chernin Group	4762459210514432.csv	5192359696400384.csv	NA	NA	NA	NA	NA
665	The Difference Engine	5106183912292352.csv	5164020675903488.csv	NA	NA	NA	NA	NA
666	The Iron Yard	5492293515608064.csv	7008.csv	NA	NA	NA	NA	NA
667	The JumpFund	4572529247125504.csv	5718190965391360.csv	NA	NA	NA	NA	NA
668	the London Fund	5673352530231296.csv	6338816403046400.csv	NA	NA	NA	NA	NA
669	The Startup Factory	5152879652372480.csv	6646736030269440.csv	NA	NA	NA	NA	NA
670	The Vertical Group	5437265052434432.csv	5696709048926208.csv	NA	NA	NA	NA	NA
671	The Yield Lab	5553085778755584.csv	5667465501605888.csv	NA	NA	NA	NA	NA
672	The Yoshida Group	5424596912177152.csv	5765714325536768.csv	NA	NA	NA	NA	NA
673	Thomas Lehrman	5659057402675200.csv	6720464747495424.csv	NA	NA	NA	NA	NA
674	Tidhar Carmeli	5937982779424768.csv	6194822360596480.csv	NA	NA	NA	NA	NA
675	Tien Tzuo	5170988392120320.csv	5533333941387264.csv	NA	NA	NA	NA	NA
676	Tim Jackson	6272939355799552.csv	6324966379225088.csv	NA	NA	NA	NA	NA
677	Timothy Abbott	5535004012576768.csv	5948476458270720.csv	NA	NA	NA	NA	NA
678	TLabs	5702243030401024.csv	140003.csv	NA	NA	NA	NA	NA
679	Tom Fallows	5024505005080576.csv	5183665541742592.csv	NA	NA	NA	NA	NA
680	Tom Glocer	5723625525084160.csv	6088822194438144.csv	NA	NA	NA	NA	NA
681	Tom Keller	5641796314988544.csv	6134845956685824.csv	NA	NA	NA	NA	NA
682	Tom Noonan	5567942611697664.csv	5706016947699712.csv	NA	NA	NA	NA	NA
683	Tom Williams	5138844148039680.csv	5705353861791744.csv	NA	NA	NA	NA	NA
684	TomorrowVentures	5728678134677504.csv	6233003172823040.csv	NA	NA	NA	NA	NA
685	Top Tier Capital Partners	4515021346308096.csv	5191870791548928.csv	NA	NA	NA	NA	NA
686	Toubkal Partners	4922765639417856.csv	6506110336892928.csv	NA	NA	NA	NA	NA
687	Trellis Capital	4636964200382464.csv	5071105186332672.csv	NA	NA	NA	NA	NA
688	Trilogy	4552888596561920.csv	5762783211683840.csv	NA	NA	NA	NA	NA
689	Trilogy Equity Partners	5036569001984000.csv	6102510662057984.csv	NA	NA	NA	NA	NA
690	Trimaran Capital Partners	5005325828620288.csv	6251575840342016.csv	NA	NA	NA	NA	NA
691	TriVentures	5691936769835008.csv	6351548430942208.csv	NA	NA	NA	NA	NA
692	Troy Henikoff	5828884599668736.csv	6319162922106880.csv	NA	NA	NA	NA	NA
693	TTV Capital	6017750522658816.csv	6158149912363008.csv	NA	NA	NA	NA	NA
694	Tucker Max	5024619895455744.csv	5075112374042624.csv	NA	NA	NA	NA	NA
695	Tugboat Ventures	5767680078381056.csv	6261937117593600.csv	NA	NA	NA	NA	NA
696	Tumml	5626906384793600.csv	5730485825175552.csv	NA	NA	NA	NA	NA
697	TWJ Capital	5375535291039744.csv	5459234586099712.csv	NA	NA	NA	NA	NA
698	Two Sigma Ventures	5606279665942528.csv	5695628227117056.csv	NA	NA	NA	NA	NA
699	Ty Danco	4568489004105728.csv	5654307202400256.csv	NA	NA	NA	NA	NA
700	Udi Manber	5142287638069248.csv	5661015018569728.csv	NA	NA	NA	NA	NA
701	Umang Gupta	5674884575264768.csv	6647467961483264.csv	NA	NA	NA	NA	NA
702	Undisclosed	4729722713931776.csv	5075341500481536.csv	NA	NA	NA	NA	NA
703	Upstart Labs	6226413304676352.csv	296007.csv	NA	NA	NA	NA	NA
704	Vectr Ventures	5945176044339200.csv	6210842844463104.csv	NA	NA	NA	NA	NA
705	Velos Partners	5642835244089344.csv	6065472571179008.csv	NA	NA	NA	NA	NA
706	Velum Ventures	5955247893643264.csv	6201061727535104.csv	NA	NA	NA	NA	NA
707	Ventech	4667001054167040.csv	5654408150908928.csv	NA	NA	NA	NA	NA
708	Victor Alcantara	4518791388069888.csv	5124305469833216.csv	NA	NA	NA	NA	NA
709	Vijay Vashee	5413226120478720.csv	5742661440897024.csv	NA	NA	NA	NA	NA
710	Village Ventures	5691244978110464.csv	5976326229983232.csv	NA	NA	NA	NA	NA
711	Visionnaire Ventures	4534543960768512.csv	5746571454971904.csv	NA	NA	NA	NA	NA
712	Vivi Nevo	5671711986941952.csv	6433326319534080.csv	NA	NA	NA	NA	NA
713	Vodafone	5722345306062848.csv	5790672510517248.csv	NA	NA	NA	NA	NA
714	Walker Williams	5616648446803968.csv	5659433094873088.csv	NA	NA	NA	NA	NA
715	Walt Doyle	4825328144875520.csv	6570446510096384.csv	NA	NA	NA	NA	NA
716	Wayne Chang	5077077908783104.csv	5696257758593024.csv	NA	NA	NA	NA	NA
717	Wayne Pan	4929797457182720.csv	5334658149515264.csv	NA	NA	NA	NA	NA
718	Wayra	6623458083471360.csv	4882922146365440.csv	NA	NA	NA	NA	NA
719	Wei Guo	5149474145959936.csv	6262926230945792.csv	NA	NA	NA	NA	NA
720	WI Harper Group	5100175034941440.csv	5427442596446208.csv	NA	NA	NA	NA	NA
721	Will Ballard	5113159794819072.csv	6551908219092992.csv	NA	NA	NA	NA	NA
722	William Lohse	5644044394823680.csv	5916380733898752.csv	NA	NA	NA	NA	NA
723	Wing Venture Capital	4917156592484352.csv	5129051610021888.csv	NA	NA	NA	NA	NA
724	WME	5619130610745344.csv	5648831622414336.csv	NA	NA	NA	NA	NA
725	Xavier Niel	5445571351412736.csv	5663979082874880.csv	NA	NA	NA	NA	NA
726	XSeed Capital	4834546344263680.csv	5684436012105728.csv	NA	NA	NA	NA	NA
727	Y Combinator	5423042540863488.csv	1011.csv	NA	NA	NA	NA	NA
728	Yadin Kaufmann	5105861638750208.csv	6503940413718528.csv	NA	NA	NA	NA	NA
729	Yair Schindel	5142139616886784.csv	6598331883061248.csv	NA	NA	NA	NA	NA
730	YEI Innovation Fund	5687539008536576.csv	6310608626515968.csv	NA	NA	NA	NA	NA
731	YEurope	6142019625811968.csv	7009.csv	NA	NA	NA	NA	NA
732	Young Guo	5077734451576832.csv	6587891220217856.csv	NA	NA	NA	NA	NA
733	Yuchun Lee	5647203141943296.csv	6660387407659008.csv	NA	NA	NA	NA	NA
734	ZeroTo510	5765588882292736.csv	1027003.csv	NA	NA	NA	NA	NA
735	ZhenFund	6583333291032576.csv	6595152936173568.csv	NA	NA	NA	NA	NA
736	lvaro Noan Larrinaga	4764055638114304.csv	5153156107337728.csv	NA	NA	NA	NA	NA
737	lvaro Sanmartn	5203638695755776.csv	5711451188625408.csv	NA	NA	NA	NA	NA
738	lvaro Zamcola	5068066899623936.csv	5719386287505408.csv	NA	NA	NA	NA	NA
739	Le Camping	6279014150832128.csv	135008.csv	NA	NA	NA	NA	NA
